{
  "GALA3S": {
    "levels": [0.00039921, 0.00039422, 0.00038737],
    "amounts": [1, 1, 2]
  },
  "GALA3L": {
    "levels": [0.00001999, 0.00001995, 0.00001989],
    "amounts": [1, 1, 2]
  },
  "take_profit_percent": 1
}
