{
  "WIF5S": {
    "levels": [0.03053, 0.02873, 0.02731],
    "amounts": [1, 1, 2]
  },
  "WIF5L": {
    "levels": [0.012011, 0.011744, 0.011424],
    "amounts": [1, 1, 2]
  },
  "take_profit_percent": 10
}
